time,macd_fwd_1,macd_fwd_2,macd_fwd_5,macd_fwd_10,macd_fwd_20,rsi_fwd_1,rsi_fwd_2,rsi_fwd_5,rsi_fwd_10,rsi_fwd_20,ichimoku_fwd_1,ichimoku_fwd_2,ichimoku_fwd_5,ichimoku_fwd_10,ichimoku_fwd_20,total_fwd_1,total_fwd_2,total_fwd_5,total_fwd_10,total_fwd_20
2024-01,-0.015088705536645396,0.00019966374406235358,0.0522984632189293,0.050721573898757415,0.05558510398975836,-0.031652031835623505,-0.01689704146326744,0.06100087088007258,0.10575060654935271,0.12249837823295061,0.007115313680729549,0.0252644552592589,0.08549417436868284,0.11188631253389443,0.15073473679079827,-0.011959284598233809,0.005224507492108969,0.0756715205325546,0.09935970946988247,0.11830286937104781
2024-02,-0.017532800644581376,-0.027475884740915404,-0.05220431300288924,0.004932088588247705,0.026643248682817294,-0.047816329201263184,-0.06329025309238824,-0.08208004044060935,0.006688990787129024,0.039804735055492056,-0.01069879653794875,-0.016876762997467556,-0.027747587031685714,0.02992455297573857,0.10036731466505341,-0.02195323765228313,-0.03042187770177226,-0.05055554368317176,0.01221300571940686,0.06716686754044865
2024-03,-0.04044816190933439,-0.021693245472420346,-0.013614670564204052,0.024601104807478447,0.0012498168863445814,-0.060945331746759965,-0.03887876558069144,-0.010188928734546607,0.031880449952050444,0.03256845107348292,-0.005292515653325681,0.025289638227571215,0.04103690596092105,0.04952904662443663,0.02300931959068426,-0.04067306871800839,-0.017105189041141618,-0.005287190719931302,0.025486622443941006,0.01374988865180306
2024-04,0.025412596999136828,0.027158669992690017,0.0456094494460796,0.07275071394889508,0.06926982054330057,-0.007269301434098398,-0.00439724483936743,0.014112016866393948,0.027958529821336977,0.041165732758887415,0.0031131502507832374,0.0020633307483815264,0.023076730019667164,0.02531680933709085,0.042607378958355285,0.004334213789801739,0.007928807146407705,0.02782842673779042,0.032343256394453665,0.05116837924088945
2024-05,-0.03350176027705648,-0.0192760354765939,0.0070202720973025325,0.030436885376590273,0.0489695243621697,-0.07412931352678949,-0.0669926732578957,-0.017016000536955563,0.026553826190130195,0.08290369939924075,0.008184266056163179,0.030234834223157644,0.03844455888796639,0.035431630155556684,0.04935173611661643,-0.03191331920025798,-0.01890079844429778,0.0010364487862102691,0.02596584495672111,0.07467974172433524
2024-06,-0.035585995365314996,-0.060963921876723434,-0.053287598965970254,0.009403046735789716,0.05276530315635878,-0.0511479167526986,-0.07385628832582965,-0.06350370714810735,-0.006503608651790921,0.06932586829025908,-0.009927466801382283,-0.020233822017551622,-0.01990797331658846,0.03712050417758851,0.06826273936248885,-0.03431688041630534,-0.053546998468063725,-0.050032172379474535,0.01097384091074599,0.06747630803513352
2024-07,-1.780247748615904e-05,0.009526951201330625,0.03134088869640663,0.034976863662803497,0.020810020171234844,-0.021461797805182103,-0.027897295571833722,-0.012862823831044203,0.03428641308336953,0.01833772030887126,0.0049229447518667965,0.017570082556522287,0.0317458303823623,0.04352459269022969,0.04179352340847332,-0.0010163679492394605,0.010072353042657039,0.032788538985927936,0.049989039646457706,0.04213186749262874
2024-08,0.0043321753633041625,0.0015578339658365596,0.008208446804691828,-0.014569332843775878,0.019561763625370873,-0.028754295036522114,-0.03771125568784174,-0.027239601132877714,-0.027532270132303485,0.05302565122756644,0.002185780400548991,-0.008100138449897744,0.0015664841984029468,-0.007020211285214107,0.00572737354155966,-0.005457089785894628,-0.01084753609931049,0.0026090424192136137,-0.00518630722641783,0.038684188150413155
2024-09,-0.0011875172240125137,0.00573322587491096,-0.010026462454335408,-0.007937657889503577,-0.012588104585603289,-0.01193526042440634,-0.01514506124347082,-0.011395029476023678,0.005130404591570572,0.0013732071114227003,-0.0024327659106985534,0.014654914170303323,0.008057793006547718,0.0050104103402673905,0.009019484201559475,-0.004511159099371338,0.007944619018546475,-0.0015411896766624686,0.0008537967873255946,0.00010484888694337861
2024-10,-0.01977950792441257,-0.014335388575029376,-0.01926332152668258,-0.008323800618744534,0.009662891673226748,-0.02573663341400171,-0.019766442803301042,-0.007220074670573405,0.0035181857543066025,0.03358543538568975,-0.014287810663189791,-0.019684477438305058,-0.01510886488943404,-0.02704339433850828,-0.03019944591400547,-0.019278500716715944,-0.020501295211304785,-0.012572927351980775,-0.0030227344206469825,0.016653358982919447
2024-11,0.003971064714936502,0.0056551941643839905,0.022037777674856467,0.04025296713231458,0.10151208641373899,-0.0167735637055537,0.002157922381790531,0.003829430950136467,0.022337300851025095,0.08726545427100298,-0.0004187576011560546,0.022528252340768565,0.04199347537282209,0.07255266257706146,0.12212915066487325,0.0023468843892080456,0.020070162424711428,0.04300275601760301,0.07514084185829498,0.13399477629164794
2024-12,-0.030263443137893056,-0.038180928618656455,-0.014925513875460565,0.030803754578156217,0.0470457989573454,-0.051975197770556834,-0.07281068727693175,-0.04387983554006098,0.0006974560603510919,0.04309167236405407,0.008753687706506906,-2.7883983372924767e-05,0.014917505640786054,0.06047690782824193,0.08301775934516623,-0.02094179369382649,-0.0320698099735103,-0.009382433158463958,0.03742089897450752,0.058551522648883754
2025-01,0.009458531005964341,0.028494468449254292,0.0386867821372461,0.0714794471231295,0.04576749103404086,-0.009465254338521226,0.005816392757178007,-0.007633248917838683,0.03423674247720913,0.05964621866693309,-0.006648313710535746,0.0002846526269125509,0.014536148553349124,0.05000074014754007,-0.013766312470768937,-0.005576487558040985,0.007563321077526055,0.012771252827557774,0.04056273639562725,0.0023661191981553496
2025-02,-0.022740812343175557,-0.009398359321595965,0.02212422460010152,-0.005895243209887014,-0.036466412629751345,-0.04823427068650347,-0.04021755397110468,0.047737339653763665,0.0479305008366478,0.04558028334613907,0.006877118615347404,0.012627290773004007,0.016010529910126733,-0.03435260733356352,-0.06759884707224537,-0.015122672056062816,-0.004475704923544791,0.03195109849231066,-0.008835644497679549,-0.0346826543671518
2025-03,-0.02076263077191381,-0.019071665827333297,0.012256603464724417,0.056967273732042925,0.12630786215719012,-0.03887295379078075,-0.03777410691322626,0.0007902562584252849,0.07531447620231425,0.14859224907678112,0.0017613963822181286,0.021307068002347638,0.056577331946225315,0.0995885770684105,0.1346868923040408,-0.01879561560532246,-0.005922261770784702,0.037523338098226826,0.09420268185144687,0.14833570257855558
2025-04,0.027414506406730856,0.03843717784953592,0.04880642012552942,0.053328986568564954,0.07165768755725802,0.007809877072080097,0.0053503829461025,-0.004302339395736311,-0.02237388979585661,-0.03799899897115148,0.011714973194559993,0.03174487345046764,0.024995930103678777,-0.004220848148713434,0.0001844657901723945,0.024352294493111905,0.03482025842377666,0.03722755742730249,0.022049264718828458,0.017571103046703312
2025-05,-0.031001323829479177,-0.02937528168738085,-0.025227612251544407,-0.02341005124551008,-0.013823021071081234,-0.09235044916561684,-0.10028653114978281,-0.08594537892918525,-0.0626304746467292,-0.04544881786172574,-0.04084234809113442,-0.043558635977045866,-0.033473999277814546,-0.023596865425913282,-0.04200647790868089,-0.05678853197480589,-0.06045623686804259,-0.054713634737175755,-0.04591764054270446,-0.03942585588109531
2025-06,-0.062248966103070354,-0.06063741396728854,-0.06414074571410679,-0.07496747245243238,-0.08454504475144957,-0.06973395575968902,-0.07550308368173052,-0.05533410889515269,-0.07933038177678074,-0.09141266914683423,-0.02679654184299515,-0.03778029724250307,-0.03500669917388416,-0.038254801728219726,-0.02706319248820386,-0.05643502283750196,-0.06910382219778374,-0.07814603915051857,-0.08489933281896637,-0.0830165144487076
2025-07,-0.006971154422684084,0.0034440842486940623,0.05210998028892335,0.11624256268842245,0.09374031820819781,-0.0282858950402101,-0.0216993559659514,0.02772021347664393,0.11654061950831532,0.13202196225372567,0.019416158744276008,0.027705770010206604,0.04315899174386603,0.07880881334431171,0.060607273530389846,-0.006484954238014839,0.007835760810449212,0.0484468716400213,0.11752087111290728,0.11668502265838893
2025-08,-0.07029353457176957,-0.08813553915670862,-0.09044461016959358,-0.07947727949533624,-0.12472868345008394,-0.055928471538005106,-0.06763299996099541,-0.06041191280130003,-0.04501782655599863,-0.09302517975087447,-0.0022532784236515835,0.0057543745639720275,-0.02748496102559096,-0.06265216327880359,-0.06566333795148648,-0.04640068289875146,-0.055669999558954665,-0.06255276138099586,-0.060568744096966075,-0.10169348923789612
2025-09,-0.04122410077025056,-0.051041199714367935,-0.04907575347394167,-0.025452237235908826,0.026619317258957116,-0.07043867441951884,-0.08955906283671847,-0.08928474929089482,-0.060394967297244626,-0.009362119071535401,-0.0601534613594776,-0.08401380359480357,-0.10305716610869457,-0.05204196231392524,0.038595972544181095,-0.06368865832379288,-0.08665613567224163,-0.09570972415347428,-0.053221590567808716,0.02638518245919076
2025-10,0.009058367381612623,0.01884687270055414,0.04025806410153,-0.008647708080118893,-0.10984977198754661,-0.009886121357378385,-0.014077148567654654,0.006628450847359517,-0.03658077823058095,-0.12291414161341147,0.003816548684274413,0.005502648587895106,-0.017558214448483864,-0.05923201717020908,-0.154050565422132,0.003726571339462485,0.0074656600603422475,0.01519793883195187,-0.03404291935965644,-0.1323281704503114
2025-11,-0.021738170277686746,-0.019606535876338503,0.012828112558283634,-0.007140901626140966,-0.0075413638252419,-0.06475454157448549,-0.05134747806662736,-0.015030655960997858,-0.026969995348811875,-0.017104083305852988,-0.007593662195786636,-0.0021288838901351442,0.021203694233169174,0.021122746232285775,0.023058930449814816,-0.03242621755081167,-0.025351095958060725,0.00643995438763333,-0.006404524456835941,0.0005433091777810907
2025-12,-0.004448522084993921,0.011987971296712967,0.03643545010893128,0.035312240474243715,0.02500321477750187,-0.02918622611760418,-0.005616626529847177,0.01654580578051834,0.006121744738572974,0.00228378176390355,-0.0013813139388693314,0.009612452058558799,0.019566087281551833,0.036715848341907865,0.04856074808543627,-0.008383910931617087,0.007575943815210932,0.026499041931300607,0.02443675880681462,0.021303811623923165
2026-01,-0.025800323411625102,-0.01264216093545267,-0.00459471709674912,0.041902065573857714,0.08759962334443537,-0.04249796176753987,-0.024410036320155197,-0.008836015158399227,0.021942076862648714,0.07354573515499446,-0.016596741633384798,0.0011788141212077745,0.03732466482646203,0.07670978101733447,0.11688795830686675,-0.029144836325298705,-0.01168710870029118,0.007728262186811248,0.04523641310332638,0.090086649369444
2026-02,-0.013676697549314746,-0.0033790236293177087,0.026499197677223762,0.06176625894608923,0.07523867386472763,-0.042306953850943484,-0.03480334783140527,-0.015538706856486114,0.06259841233987186,0.06052869596317399,0.01125972548658413,0.032949079726843494,0.05483552433002597,0.10608229834923251,0.07738647522217001,-0.015296847130628547,0.0010616948315226452,0.02495413953724681,0.0873357691583417,0.08078006012228786
2026-03,-0.02783041968491343,-0.023732246823703628,-0.0467881380590543,-0.0825031494060856,-0.1544363154487156,-0.054163926379287464,-0.05964033530158639,-0.06340140009283646,-0.09325103869433476,-0.14460615468886842,-0.051797192457628045,-0.06220949934347157,-0.11125281037924806,-0.18466147429004076,-0.23426932646021337,-0.04605998637045349,-0.044987620544607684,-0.07064078756334498,-0.11658714866867387,-0.17149659177641843
2026-04,-0.04137751206239581,-0.03795581490015591,-0.037416702830327234,-0.009581801031925602,-0.016470279717957663,-0.0632921052807944,-0.057784540736014314,-0.014588212119913938,0.030542198861724785,0.036139219692099614,-0.03410147186906219,-0.03351550736929125,-0.04083006504064282,-0.033307953433155776,-0.07097506043579459,-0.05210669649225615,-0.05168629805438703,-0.043866723413364436,-0.019916036209855596,-0.03943730746524731
2026-05,-0.033431351178836534,-0.04051944170468695,-0.03271865564317554,-0.04900207477039917,-0.031132066158076878,-0.04166421482615761,-0.05233902618069086,-0.0514712563668541,-0.07106366603144403,-0.036556381145338004,-0.019061376423081748,-0.025794609121618694,-0.042734638842261086,-0.06654844717993065,-0.032095396127381035,-0.0337286972315667,-0.043863404249603485,-0.04738717595303295,-0.0638328036144806,-0.02343760321644979
2026-06,-0.01742998951615638,-0.010470052899358609,0.019854539160162252,0.08102644437681604,0.10352473082009463,-0.021405309361599383,-0.023992879101430862,0.0004350256436884944,0.04344220892180221,0.09279262305145432,0.01955340342588636,0.04070239302187785,0.07675945732398395,0.11704315387739,0.16933191918260923,-0.006591333875039022,0.0035117834304924512,0.0399234406865088,0.0982286612433092,0.13701800748801785
2026-07,0.011639953022019768,0.024390813525870355,0.028106829067875524,0.00624449016866552,-0.014975650681805465,-0.002413414872915261,0.003398270040482305,0.00688098422650727,-0.0353083302578838,-0.039216968449312516,0.021975953839429494,0.03645910713430201,0.04307484557250895,0.01534632883655918,-0.0011292181692371427,0.013467131762597893,0.021514230608247812,0.019498944540325698,-0.017169104320696425,-0.031248445505238493
2026-08,-0.006380927342941131,0.01087080805313789,0.019419946245551094,0.04224104596534514,0.0656977264121276,-0.06564712812276924,-0.05600819949668626,-0.03352374742561172,-0.004158081410580774,0.07795901105609185,-0.012327822056410273,-0.005928006093301982,-0.0204379312781794,0.019276671314201847,0.13559166497747452,-0.040610306335832604,-0.025323095527362095,-0.024390748660730106,0.01853179233173822,0.1052159721603914
2026-09,0.03899073754319786,0.0718396556811096,0.11088946442179208,0.13218645420176503,,0.013889778889939048,0.04399270260211575,0.1234554135031782,0.15416344958396022,,0.03585406919223665,0.06124065488635182,0.11308383454573212,0.1774254262521973,,0.034899437563456495,0.0660159743485896,0.12566107243782879,0.17979820001505173,
