Chi bao,Horizon (phien),IC trung binh,Do lech chuan IC,ICIR,t-stat,t-stat Newey-West,Ti le thang IC>0,So phien,So thang
MACD,1,-0.016027580564571597,0.11585106382544373,-0.13834642544777,-3.5943455688161627,-3.6627523610286716,0.24242424242424243,675,33
MACD,2,-0.010818236694767901,0.11992844789717731,-0.09020575922105738,-2.3418777175036984,-1.9149080144309991,0.42424242424242425,674,33
MACD,5,0.00247603483898946,0.11686749992401865,0.021186684412683194,0.5488128325633127,0.32345509101577774,0.5757575757575758,671,33
MACD,10,0.015179228534348704,0.11062535336483448,0.13721292698870483,3.541050686399432,1.7235743638464824,0.6060606060606061,666,33
MACD,20,0.01628313616303738,0.10428034784695249,0.15614769704197184,3.9993324141950857,1.436332267821531,0.65625,656,32
RSI,1,-0.03839817163173978,0.1344987122455777,-0.28549099831996577,-7.417273712906126,-7.6889875704827455,0.06060606060606061,675,33
RSI,2,-0.03664950687765454,0.13519540433612717,-0.27108544892942776,-7.037787585508359,-5.774555182560387,0.15151515151515152,674,33
RSI,5,-0.015540739895115169,0.13019774214264893,-0.11936259138878326,-3.0919289024270307,-1.8838542314659472,0.3333333333333333,671,33
RSI,10,0.004991930829828939,0.1242888826547736,0.040163936815608765,1.0365097454784447,0.5219955581016956,0.6060606060606061,666,33
RSI,20,0.021204822823843884,0.11912704989659208,0.17800174555023962,4.559069164952376,1.7245800146130355,0.6875,656,32
Ichimoku,1,-0.00484907847417823,0.12339278987686166,-0.03929790775471816,-1.0209895929349027,-1.0682947092345634,0.45454545454545453,675,33
Ichimoku,2,0.001592397851408696,0.12784550671138997,0.012455641910071343,0.32336727164968,0.2599430361871204,0.6060606060606061,674,33
Ichimoku,5,0.00818484944910343,0.13072568574021956,0.06261087408153675,1.62185127623758,0.907681039998656,0.6363636363636364,671,33
Ichimoku,10,0.016034290237791227,0.12371811323870384,0.12960341713952908,3.3446722498633092,1.4177279705562058,0.6363636363636364,666,33
Ichimoku,20,0.02179399241261648,0.11656922630218991,0.18696180033071946,4.788558540686842,1.5034484317008607,0.65625,656,32
Diem tong,1,-0.019760916694250435,0.130159100078987,-0.15182124555454463,-3.9444316645329276,-4.087077121983141,0.18181818181818182,675,33
Diem tong,2,-0.014548520060716764,0.13398657199036437,-0.10858192611840997,-2.8189507576471624,-2.2854223175474933,0.42424242424242425,674,33
Diem tong,5,-0.0009561826534026369,0.13256511539076735,-0.00721292815673309,-0.1868412940725457,-0.1072350457762214,0.5757575757575758,671,33
Diem tong,10,0.013460092330064516,0.12513378351923207,0.10756561458877176,2.7759432127258807,1.2541928080270772,0.6060606060606061,666,33
Diem tong,20,0.022727441230466085,0.1130102171276913,0.20110961475975342,5.1509193945958405,1.715889006518239,0.71875,656,32
