buy_threshold,ichimoku_preset,max_hold_days,Chien luoc,Tu,Den,So phien,Loi nhuan tich luy,CAGR,Sharpe,Sortino,Sut giam toi da,Vong quay (lan/nam),So lenh,Ti le thang,PSR,DSR
50,goc_nhat_6ngay,10,"MUA>=50, goc_nhat_6ngay, giu<=10",2023-11-14,2026-09-24,711,-0.5943492065087392,-0.2736979307777373,-1.9613756127991762,-2.304686841003799,-0.6161718679809356,35.97064964479755,3008,0.355718085106383,0.00019929303828120835,
50,goc_nhat_6ngay,20,"MUA>=50, goc_nhat_6ngay, giu<=20",2023-11-14,2026-09-24,711,-0.4769253971843568,-0.20521364603815395,-1.3886335602510949,-1.658230932681533,-0.5285516501536434,28.844516643439853,2757,0.338411316648531,0.0068380671009243095,
50,hieu_chinh_5ngay,10,"MUA>=50, hieu_chinh_5ngay, giu<=10",2023-11-14,2026-09-24,711,-0.5398129365113302,-0.24048962024225073,-1.6262123284422083,-1.922117563289181,-0.56170663928213,37.871597010406894,3283,0.3582089552238806,0.0017890374170330308,
50,hieu_chinh_5ngay,20,"MUA>=50, hieu_chinh_5ngay, giu<=20",2023-11-14,2026-09-24,711,-0.45239023371653353,-0.19219554723348997,-1.2692864377801898,-1.5042183677643524,-0.4884601462739733,30.83820361027936,2981,0.33814156323381417,0.012077552812161704,
60,goc_nhat_6ngay,10,"MUA>=60, goc_nhat_6ngay, giu<=10",2023-11-14,2026-09-24,711,-0.5125745896554228,-0.22485103274641527,-1.5957645154073046,-1.9033633779535384,-0.5506479407650215,31.661032784195328,2301,0.37114298131247286,0.002160025423902062,
60,goc_nhat_6ngay,20,"MUA>=60, goc_nhat_6ngay, giu<=20",2023-11-14,2026-09-24,711,-0.4256439348826262,-0.17842634340534302,-1.209316738945089,-1.4482643446182775,-0.476922661363238,25.6176872916929,2121,0.3583215464403583,0.015985027453199456,
60,hieu_chinh_5ngay,10,"MUA>=60, hieu_chinh_5ngay, giu<=10",2023-11-14,2026-09-24,711,-0.4538520136576104,-0.19296047880656253,-1.3218154986027069,-1.5880248934863908,-0.5101903533794689,33.83525314808358,2525,0.3687128712871287,0.009490836754045063,
60,hieu_chinh_5ngay,20,"MUA>=60, hieu_chinh_5ngay, giu<=20",2023-11-14,2026-09-24,711,-0.31017300311816076,-0.12331288589681866,-0.7772902126032109,-0.9443444823076189,-0.38864507190005504,27.657986378860162,2348,0.358603066439523,0.08811189162639022,
70,goc_nhat_6ngay,10,"MUA>=70, goc_nhat_6ngay, giu<=10",2023-11-14,2026-09-24,711,-0.4442777642478125,-0.1879741700591817,-1.5007842122882393,-1.8136884450374633,-0.46911263687301485,25.261409708556414,1348,0.3724035608308605,0.003901161696668754,
70,goc_nhat_6ngay,20,"MUA>=70, goc_nhat_6ngay, giu<=20",2023-11-14,2026-09-24,711,-0.3772982407235339,-0.15455255669579104,-1.2207168231101584,-1.4818831812993634,-0.42380218141150494,21.406120220634875,1285,0.3680933852140078,0.0157595311733412,
70,hieu_chinh_5ngay,10,"MUA>=70, hieu_chinh_5ngay, giu<=10",2023-11-14,2026-09-24,711,-0.4854732849567267,-0.20984152484193985,-1.716808307194887,-2.0476665619151855,-0.5282752999579792,26.952380070999556,1520,0.3743421052631579,0.0010303166253014327,
70,hieu_chinh_5ngay,20,"MUA>=70, hieu_chinh_5ngay, giu<=20",2023-11-14,2026-09-24,711,-0.39642414612961974,-0.1638490087216259,-1.301409321985868,-1.5635229812960612,-0.4583679097768554,22.56722271737452,1444,0.3559556786703601,0.010390318089117266,
