train_start,train_end,buy_threshold,ichimoku_preset,max_hold_days,train_sharpe,train_trades,train_return
2023-11-14,2024-11-14,50,goc_nhat_6ngay,10,-0.37210400632449026,25,-0.018750758441412274
2023-11-14,2024-11-14,50,goc_nhat_6ngay,20,-0.33036852722384424,24,-0.0169563749935977
2023-11-14,2024-11-14,50,hieu_chinh_5ngay,10,-1.2855248795712495,24,-0.0550857833505638
2023-11-14,2024-11-14,50,hieu_chinh_5ngay,20,-1.2721454579953497,23,-0.05494364247561345
2023-11-14,2024-11-14,60,goc_nhat_6ngay,10,-0.5914557640672864,20,-0.02449442373418076
2023-11-14,2024-11-14,60,goc_nhat_6ngay,20,-0.4806325240921728,19,-0.020628757859230795
2023-11-14,2024-11-14,60,hieu_chinh_5ngay,10,-1.5817130035353535,21,-0.06151544421534161
2023-11-14,2024-11-14,60,hieu_chinh_5ngay,20,-1.5880041667593496,20,-0.0618718283403914
2023-11-14,2024-11-14,70,goc_nhat_6ngay,10,-0.8129868796312715,9,-0.021874666365475637
2023-11-14,2024-11-14,70,goc_nhat_6ngay,20,-0.7159237534525298,9,-0.021874666365475637
2023-11-14,2024-11-14,70,hieu_chinh_5ngay,10,-1.9574918438366857,10,-0.04587731316542809
2023-11-14,2024-11-14,70,hieu_chinh_5ngay,20,-1.7254047469251796,9,-0.04289857979047795
2024-02-14,2025-02-14,50,goc_nhat_6ngay,10,-1.9577185102729844,1182,-0.28982780704707967
2024-02-14,2025-02-14,50,goc_nhat_6ngay,20,-1.53013507002114,1052,-0.23522062108686004
2024-02-14,2025-02-14,50,hieu_chinh_5ngay,10,-1.6329330155693305,1262,-0.24799882840826815
2024-02-14,2025-02-14,50,hieu_chinh_5ngay,20,-1.254005242601795,1104,-0.1937861063240106
2024-02-14,2025-02-14,60,goc_nhat_6ngay,10,-2.2436955445327356,890,-0.3123494469287831
2024-02-14,2025-02-14,60,goc_nhat_6ngay,20,-1.8908086566753588,812,-0.2698915122109029
2024-02-14,2025-02-14,60,hieu_chinh_5ngay,10,-1.7986052026839912,966,-0.25666802389172005
2024-02-14,2025-02-14,60,hieu_chinh_5ngay,20,-1.2539541021137464,881,-0.18634709463696297
2024-02-14,2025-02-14,70,goc_nhat_6ngay,10,-2.4353339865465427,512,-0.26955957168671985
2024-02-14,2025-02-14,70,goc_nhat_6ngay,20,-2.276607547148369,477,-0.2511051274168643
2024-02-14,2025-02-14,70,hieu_chinh_5ngay,10,-1.775742823697626,578,-0.21155308329408828
2024-02-14,2025-02-14,70,hieu_chinh_5ngay,20,-1.574647249772262,525,-0.19104003896635713
2024-05-14,2025-05-14,50,goc_nhat_6ngay,10,-2.1771506516456625,1114,-0.2910121485336813
2024-05-14,2025-05-14,50,goc_nhat_6ngay,20,-1.4912985759883728,1003,-0.21251614301768362
2024-05-14,2025-05-14,50,hieu_chinh_5ngay,10,-2.323500840835331,1176,-0.3157319458028326
2024-05-14,2025-05-14,50,hieu_chinh_5ngay,20,-1.6890335128962572,1051,-0.23988387679276435
2024-05-14,2025-05-14,60,goc_nhat_6ngay,10,-2.1633762753805867,853,-0.2794770651170182
2024-05-14,2025-05-14,60,goc_nhat_6ngay,20,-1.7278391920660565,777,-0.22801234717113184
2024-05-14,2025-05-14,60,hieu_chinh_5ngay,10,-2.529249836005663,891,-0.3142723507904108
2024-05-14,2025-05-14,60,hieu_chinh_5ngay,20,-1.9566883336801006,817,-0.256132400887392
2024-05-14,2025-05-14,70,goc_nhat_6ngay,10,-1.8142015580397945,457,-0.19696713920342712
2024-05-14,2025-05-14,70,goc_nhat_6ngay,20,-1.3813797163359485,431,-0.15310289344215244
2024-05-14,2025-05-14,70,hieu_chinh_5ngay,10,-2.124206151131832,521,-0.250265460800983
2024-05-14,2025-05-14,70,hieu_chinh_5ngay,20,-1.9155931230327345,486,-0.22445357520039166
2024-08-14,2025-08-14,50,goc_nhat_6ngay,10,-0.37058551490314523,1272,-0.05993687779710721
2024-08-14,2025-08-14,50,goc_nhat_6ngay,20,0.3415115255074528,1161,0.03827731596650774
2024-08-14,2025-08-14,50,hieu_chinh_5ngay,10,-0.01595087822966299,1316,-0.01321846536968152
2024-08-14,2025-08-14,50,hieu_chinh_5ngay,20,0.13142455394524696,1174,0.00836417994354588
2024-08-14,2025-08-14,60,goc_nhat_6ngay,10,-0.6711103834290665,975,-0.0967037444784149
2024-08-14,2025-08-14,60,goc_nhat_6ngay,20,-0.14195698967187126,902,-0.028717446414415426
2024-08-14,2025-08-14,60,hieu_chinh_5ngay,10,-0.7132128223845072,1022,-0.10457686362474905
2024-08-14,2025-08-14,60,hieu_chinh_5ngay,20,-0.24051762020599635,934,-0.043075302910898894
2024-08-14,2025-08-14,70,goc_nhat_6ngay,10,0.28638167567533257,533,0.026099842817802976
2024-08-14,2025-08-14,70,goc_nhat_6ngay,20,0.5774244061655193,512,0.06043228834664727
2024-08-14,2025-08-14,70,hieu_chinh_5ngay,10,-0.998067130938759,591,-0.11912610097583964
2024-08-14,2025-08-14,70,hieu_chinh_5ngay,20,-0.3334461766543026,552,-0.04532993348692316
2024-11-14,2025-11-14,50,goc_nhat_6ngay,10,-0.8184334557184251,1331,-0.14451782911849242
2024-11-14,2025-11-14,50,goc_nhat_6ngay,20,-0.6884102532932008,1198,-0.1277951399024725
2024-11-14,2025-11-14,50,hieu_chinh_5ngay,10,-0.3287798283492252,1419,-0.07205970661297456
2024-11-14,2025-11-14,50,hieu_chinh_5ngay,20,-0.09496321408416243,1254,-0.03203837942389831
2024-11-14,2025-11-14,60,goc_nhat_6ngay,10,-1.1958565413432594,998,-0.1962760762604392
2024-11-14,2025-11-14,60,goc_nhat_6ngay,20,-0.9547238205140838,909,-0.16081901075138372
2024-11-14,2025-11-14,60,hieu_chinh_5ngay,10,-1.080615085932892,1050,-0.18395747853047073
2024-11-14,2025-11-14,60,hieu_chinh_5ngay,20,-0.8165110764794032,959,-0.14453385326249313
2024-11-14,2025-11-14,70,goc_nhat_6ngay,10,-1.1848639140900994,547,-0.16071793009329738
2024-11-14,2025-11-14,70,goc_nhat_6ngay,20,-0.8296596214560376,516,-0.11884373546114446
2024-11-14,2025-11-14,70,hieu_chinh_5ngay,10,-1.5394487139009667,592,-0.20373925066457366
2024-11-14,2025-11-14,70,hieu_chinh_5ngay,20,-1.1355681838221328,559,-0.15756024310761685
2025-02-14,2026-02-14,50,goc_nhat_6ngay,10,-2.0656872599032448,1286,-0.30939081934682433
2025-02-14,2026-02-14,50,goc_nhat_6ngay,20,-1.496322109081376,1167,-0.24198930875300873
2025-02-14,2026-02-14,50,hieu_chinh_5ngay,10,-1.653224058593944,1373,-0.2706493595561811
2025-02-14,2026-02-14,50,hieu_chinh_5ngay,20,-1.1634744803863644,1255,-0.19980343386534472
2025-02-14,2026-02-14,60,goc_nhat_6ngay,10,-2.0175136974148846,993,-0.2944611310807531
2025-02-14,2026-02-14,60,goc_nhat_6ngay,20,-1.4390388390153144,931,-0.22804816516307203
2025-02-14,2026-02-14,60,hieu_chinh_5ngay,10,-1.776668071407676,1032,-0.2688656978356272
2025-02-14,2026-02-14,60,hieu_chinh_5ngay,20,-1.261600272509165,969,-0.2069650491139403
2025-02-14,2026-02-14,70,goc_nhat_6ngay,10,-1.6049860459629355,542,-0.2067181687667614
2025-02-14,2026-02-14,70,goc_nhat_6ngay,20,-1.2171106007666428,519,-0.16262682230715153
2025-02-14,2026-02-14,70,hieu_chinh_5ngay,10,-2.189259182561707,600,-0.26725763443949546
2025-02-14,2026-02-14,70,hieu_chinh_5ngay,20,-1.4291003025865832,583,-0.1935780076060265
2025-05-14,2026-05-14,50,goc_nhat_6ngay,10,-2.163548319742712,1272,-0.3253822491226669
2025-05-14,2026-05-14,50,goc_nhat_6ngay,20,-1.7575697266540249,1143,-0.2733600454588875
2025-05-14,2026-05-14,50,hieu_chinh_5ngay,10,-1.7803081868911843,1362,-0.27957804908584794
2025-05-14,2026-05-14,50,hieu_chinh_5ngay,20,-1.7651812870099401,1240,-0.27347294044256876
2025-05-14,2026-05-14,60,goc_nhat_6ngay,10,-2.0083702454300356,939,-0.30518939690307667
2025-05-14,2026-05-14,60,goc_nhat_6ngay,20,-1.6995404158890937,889,-0.2646993091521177
2025-05-14,2026-05-14,60,hieu_chinh_5ngay,10,-1.8384169880805132,1000,-0.27918424691982757
2025-05-14,2026-05-14,60,hieu_chinh_5ngay,20,-1.1914424674011708,946,-0.19016798000824386
2025-05-14,2026-05-14,70,goc_nhat_6ngay,10,-1.743708035859488,529,-0.24230400001453056
2025-05-14,2026-05-14,70,goc_nhat_6ngay,20,-1.3352492417113977,501,-0.1920098623807408
2025-05-14,2026-05-14,70,hieu_chinh_5ngay,10,-2.161199384554036,595,-0.2832814719926071
2025-05-14,2026-05-14,70,hieu_chinh_5ngay,20,-1.5457309761554563,582,-0.21459861636832056
2025-08-14,2026-08-14,50,goc_nhat_6ngay,10,-4.221714128403414,1009,-0.5120162370802765
2025-08-14,2026-08-14,50,goc_nhat_6ngay,20,-3.9010362864230057,938,-0.47334601562777157
2025-08-14,2026-08-14,50,hieu_chinh_5ngay,10,-4.002064158315577,1103,-0.4843466187607165
2025-08-14,2026-08-14,50,hieu_chinh_5ngay,20,-3.445342954685834,1026,-0.42727058093027415
2025-08-14,2026-08-14,60,goc_nhat_6ngay,10,-3.855731077361413,721,-0.4623139972747432
2025-08-14,2026-08-14,60,goc_nhat_6ngay,20,-3.3200206516957116,699,-0.41241790563748293
2025-08-14,2026-08-14,60,hieu_chinh_5ngay,10,-3.4670910639239,840,-0.42433473484777207
2025-08-14,2026-08-14,60,hieu_chinh_5ngay,20,-2.680983291315646,793,-0.34507101733198153
2025-08-14,2026-08-14,70,goc_nhat_6ngay,10,-3.543340964415706,449,-0.3986326155791615
2025-08-14,2026-08-14,70,goc_nhat_6ngay,20,-3.226942222512437,437,-0.36258879001485
2025-08-14,2026-08-14,70,hieu_chinh_5ngay,10,-3.5220871655794017,525,-0.397425046136333
2025-08-14,2026-08-14,70,hieu_chinh_5ngay,20,-3.139801039691744,510,-0.3591244654969574
